Date,Vertical,Head Line,Author,Description
"May 25, 2019",Entertainment,Are The Fans Disappointed?,Reporter,"Recently, Prabhas came up with the much-awaited announcement on the release date of the film along with the brand new posters,…"
"May 25, 2019",Sports,Young Hashmatullah stars as Afghanistan stun Pakistan in a thriller,Reporter,"Bristol, May 24: Afghanistan announced their intentions of being more than mere pushovers as they stunned Pakistan by three…"
"May 25, 2019",Business,UK PM Theresa May Resigns Amid Brexit Crisis,Reporter,"British prime minister Theresa May announces resignation from her position on Friday, bringing more uncertainty to who will take…"
"May 25, 2019",News Removed/page not available,Ashok Leyland’s Q4 Profit Declines 12%,Reporter,"Commercial vehicle maker, Ashok Leyland, reported a 12.1 percent year-on-year increase in its profit for the fourth quarter of…"
"May 25, 2019",World,Two more Indian mountaineers die on Mount Everest,Reporter,"KATHMANDU: Two more Indian climbers have died on Mount Everest due to hours-long 'traffic jam', taking the toll to 8 of the Indian…"
"May 25, 2019",Featured,BJP in pole position in 65 assembly segments of Delhi,Reporter,"NEW DELHI: The BJP, which swept the Lok Sabha elections in Delhi, stood first in 65 out of the 70 assembly segments, while the…"
"May 25, 2019",World,Missouri governor Mark Parson signs bill banning abortions at eight weeks,Reporter,JEFFERSON: Missouri Governor Mike Parson on Friday signed a bill that bans abortions on or beyond the eighth weeks of pregnancy…
"May 25, 2019",World,Donald Trump telephones PM Modi to congratulate him on election victory,Reporter,WASHINGTON: Prime Minister Modi on Thursday led his Bharatiya Janata Party to a landmark victory for a second five-year term in…
"May 25, 2019",National,The Unifier-II: Populist development through JAM,Reporter,"NEW DELHI: The alternate universe may not accept the unparalleled rise and rise of Narendra Modi, but he is here to stay for…"
"May 25, 2019",National,"300 new faces in 17th Lok Sabha, 14 lesser than 2014",Reporter,"NEW DELHI: The 17th Lok Sabha will have 300 first-term members, compared to 314 in 2014, as 197 members of the outgoing House have…"
"May 25, 2019",Delhi,World leaders may be invited,Reporter,NEW DELHI: Prime Minister Narendra Modi may be sworn in for his second term on May 30 and some world leaders could be invited for…
"May 25, 2019",News Removed/page not available,Blueprint to generate ‘TsuNaMo’,Reporter,"NEW DELHI: The perceived architect of Prime Minister Narendra Modi's second consecutive win, Amit Shah, generated the…"
"May 25, 2019",Featured,20 students killed as fire breaks out in coaching centre in Surat,Reporter,"Surat, May 24: Twent people were reportedly killed after a fire broke out on the second floor of a commercial complex at Surat's…"
"May 25, 2019",Featured,Kovind hosts banquet to outgoing Union Council of Ministers,Reporter,"New Delhi, May 25: The Lok Sabha Election Results 2019 were announced on Friday where Prime Minister Narendra Modi led the BJP to…"
"May 24, 2019",Automotive,Hero Launches Splendor Special Edition,Reporter,"The Hero Splendor has completed 25 years of being on the road. To celebrate the 25th anniversary of their iconic motorcycle, Hero…"
"May 24, 2019",Technology,Oppo K3 vs other mid-range smartphones with 6GB RAM,Reporter,OPPO K3 another entry-level model from Oppo is certainly built to offer you with the best user experience. This smartphone has…
"May 24, 2019",Entertainment,Katrina Kaif & Vicky Kaushal Have Already Taken Their Relationship To Next Level?,Reporter,"Rumours have been rife about Katrina Kaif and Vicky Kaushal's alleged relationship. However, neither party has confirmed the same.…"
"May 24, 2019",News Removed/page not available,Sri Lanka’s ‘chaotic’ build-up to World Cup,Reporter,"LONDON: Kumar Sangakkara hopes Sri Lanka can somehow overcome their ""chaotic"" build-up to the World Cup thanks to new captain…"
"May 24, 2019",Business,Sensex vaults 623 points to lifetime high,Reporter,"MUMBAI: Equity benchmark Sensex Friday shot up over 623 points to close at a record high of 39,434.72 as investors felt assured of…"
"May 24, 2019",World,Pakistan PM Imran Khan congratulates Modi,Reporter,ISLAMABAD: Pakistan Prime Minister Imran Khan Thursday congratulated his Indian counterpart Narendra Modi on his victory in the…
"May 24, 2019",Featured,Sons of famous politician fathers lose in 17th Lok Sabha polls,Reporter,NEW DELHI: All the political prowess they inherited seems to have been rendered ineffective as sons of famous politician fathers…
"May 24, 2019",National,Newly elected Hassan MP Prajwal Revanna to resign,Reporter,"HASSAN: In a surprise and shocking decision, the newly elected Hassan MP Prajwal Revanna has decided to resign his newly won MP…"
"May 24, 2019",Other States,BJP success in Bengal gives new headache to Mamata,Reporter,KOLKATA: The year 2011 was a watershed moment in the history of West Bengal. It’s the year mercurial leader Mamata Banerjee’s…
"May 24, 2019",National,"PM Modi, Amit Shah visit LK Advani",Reporter,NEW DELHI: Prime Minister Narendra Modi and BJP president Amit Shah on Friday visited veteran leaders LK Advani and Murli Manohar…
"May 24, 2019",Delhi,Vivek Oberoi scrapes through a ghastly biopic,Reporter,"Some films dramatise facts. This one dramatises drama. The first time we meet Vivek Oberoi in PM Narendra Modi, he is acting in a…"
"May 24, 2019",News Removed/page not available,No Muslim face in BJP’s bandwagon headed to Parliament,Reporter,"NEW DELHI: Nearly 150 million Muslims will only have 24 representatives in the 17th Lok Sabha, according to trends shown on the…"
"May 24, 2019",Featured,17th Lok Sabha will see 76 women MPs,Reporter,NEW DELHI: Thirty-three per cent representation in the Lower House of the Parliament is still a far cry but Indian women seem to…
"May 24, 2019",Featured,Rahul may offer to resign at Congress meet,Reporter,"NEW DELHI: After a humiliating defeat in the Lok Sabha polls, top Congress leaders will deliberate on party losses at a meeting of…"
"May 24, 2019",Sports,"Arsenal want to win Europa League for Mkhitaryan, says Mustafi",Reporter,"London, May 23: Arsenal want to win the Europa League for absent team-mate Henrikh Mkhitaryan, says Shkodran Mustafi. The…"
"May 24, 2019",Sports,Mary Kom beats Nikhat Zareen; Sachin upsets Solanki to enter final of India Open,Reporter,"Guwahati, May 24: Six-time world champion Mary Kom staved off a stiff challenge from Asian Championships bronze medallist Nikhat…"
"May 24, 2019",Technology,Redmi K20 series price leaks ahead of launch,Reporter,"Redmi, which recently got separated from its parent company Xiaomi is all set to make a big announcement on May 28. It will launch…"
"May 24, 2019",News Removed/page not available,The world’s first phone with 64 MP camera,Reporter,"Samsung recently announced the world's first 64 MP smartphone camera sensor, the Samsung ISOCELL Bright GW1. Though it is a 64 MP…"
"May 24, 2019",Automotive,India Proposes Electrifying All Two Wheelers,Reporter,The Indian government has proposed to electrify most motorbikes and scooters within the next six to eight years. The idea behind…
"May 24, 2019",News Removed/page not available,Steelbird Tyres Launches Puncture RSA Across India – Fix Your Flat With Ease,Reporter,Steelbird Tyres has just launched a new roadside assistance service called Puncture Doctor. Steelbird says the RSA is present…
"May 24, 2019",Lifestyle,Health Benefits Of Apple Cider Vinegar,Reporter,"Apple cider vinegar, also known as cider vinegar is made from cider or apple must. The apples are fermented and passed through an…"
"May 24, 2019",Entertainment,This Arjun Kapoor Starrer Lacks The Thrill,Reporter,"""Desh ke liye, jaan de bhi sakte hain aur le bhi sakte hain,"" quips Prabhat (Arjun Kapoor) establishing that he wears patriotism…"
"May 24, 2019",News Removed/page not available,Maharshi AP/TS Box Office Collections (Day 15),Reporter,"Super Star Mahesh Babu's much-hyped Maharshi hit screens on May 9, 2019 and opened to a thunderous response at the box office…"
"May 24, 2019",Business,"Sensex At 45,000, Nifty At 13,500 By June 2020",Reporter,"International brokerage firm Morgan Stanley predicts the markets will grow, with the Reserve Bank of India (RBI) being…"
"May 24, 2019",Business,Investor wealth zooms Rs 2.87 lakh crore,Reporter,NEW DELHI: Investor wealth zoomed Rs 2.87 lakh crore in morning trade Thursday led by a rally in the equity market where the BSE…
"May 24, 2019",Other States,KRDCL quells rumours about elevated corridor,Reporter,BENGALURU: Despite various citizens’ organisations carrying out assessments of the elevated corridor project and arguing it would…
"May 24, 2019",Other States,Mettle with big win,Reporter,CHENNAI: The DMK cadre are a bit confused. The confusion is over whether to call Thursday’s verdict a victory or not. The…
"May 24, 2019",News Removed/page not available,‘Jeopardize’ 2019,Reporter,"WASHINGTON: The IMF warned Thursday that the escalating US-China trade war will ""jeopardize"" 2019 global growth, undermining…"
"May 24, 2019",World,Malaysian police raid,Reporter,KUALA LUMPUR: Malaysian police on Thursday raided the Kuala Lumpur offices of auditor Deloitte as they ramp up investigations into…
"May 24, 2019",Delhi,"People rejected royalties, dynasties",Reporter,"NEW DELHI: Terming the BJP-led NDA's victory in the Lok Sabha elections as ""miraculous win"", Finance Minister Arun Jaitley…"
"May 24, 2019",Delhi,NDA set to retain power in centre,Reporter,NEW DELHI: BJP's poll promises of lower tax rates and interest-free agricultural loans are likely to be in focus as the National…
"May 24, 2019",News Removed/page not available,"Victory in the bag, ‘mendicant’ Modi thanks voters",Reporter,The end to the world's longest election was swift. Such was the mandate for the BJP that the verdict has been sealed well before…
"May 24, 2019",National,Rahul Gandhi scripts new mark in Wayanad,Reporter,"KALPETTA: Though he lost in his family bastion, Congress president Rahul Gandhi won the Wayanad seat by a thumping margin of…"
"May 24, 2019",Featured,Sweetest victory for Jagan,Reporter,"VIJAYAWADA: ‘Give me one chance,’ he had implored the electorate, stressing at rally after rally that he ‘heard them and stands by…"
"May 24, 2019",Featured,19-1: Left Front gets hammered in Kerala,Reporter,"THIRUVANANTHAPURAM: ON a day the Congress suffered a drubbing in most parts of the country, Kerala bucked the trend and stood…"
"May 23, 2019",Automotive,The Honda Activa Runs Away,Reporter,The list of top-selling scooters in India for the month of April 2019 has been released. The top-ten list of scooters for the…
"May 23, 2019",Automotive,Autosar-Adaptive Platform,Reporter,The Tata Group owned design company Tata Elxsi has announced that it will manufacture and provide its Autosar Adaptive platform to…
"May 23, 2019",Automotive,Five Speed Manual Option Only : Mahindra,Reporter,"Mahindra has recently gave the TUV a mid-cycle facelift. The facelift TUV300 features a revised X-shaped wheel cover, piano black…"
"May 23, 2019",Technology,GFX100 game-changing Mirrorless Camera,Reporter,Fujifilm the brand which is known for its outstanding cameras has once again proved its worth by announcing its latest GFX100…
"May 23, 2019",Entertainment,He Wanted To Become An Actor; Had No Money & Shelter!,Reporter,"We brought a throwback interview, in which Naagin 3 actor Pearl V Puri had revealed about his struggle of becoming an actor. He…"
"May 23, 2019",Entertainment,Sudeep Reveals Another Important Detail About Pailwaan,Reporter,"Kannada actor Sudeep is now creating immense buzz at the national level. First, he was appreciated by the biggest of stars when…"
"May 23, 2019",News Removed/page not available,Mahesh Babu’s Movie Has A Splendid Run,Reporter,There's no denying that the charming Mahesh Babu is one of the most popular and popular stars in Tollywood today. Telugu cinema's…
"May 23, 2019",Sports,Sachin Tendulkar feels MS Dhoni,Reporter,LONDON: Former India batsman Sachin Tendulkar feels that MS Dhoni should bat at number five in the forthcoming ICC Men's Cricket…
"May 23, 2019",World,Ready to work with the victor,Reporter,"WASHINGTON: Lauding the people of India and the fairness and integrity of the elections in the world's largest democracy, the US…"
"May 23, 2019",World,Sikh girl banned from taking kirpan to school,Reporter,LONDON: A six-year-old Sikh girl has been banned from bringing the kirpan to her primary school in the UK after an outcry from…
"May 23, 2019",News Removed/page not available,CPI blames Rahul for Opposition’s poor show,Reporter,"NEW DELHI: Decisions taken by Rahul Gandhi led to divisions within the opposition, CPI national secretary Atul Kumar Anjaan said…"
"May 23, 2019",News Removed/page not available,Rajasthan’s top leaders in jeopardy,Reporter,JAIPUR: The eagerly awaited results of Lok Sabha elections will not only influence who will govern the country but will also…
"May 23, 2019",Crime,Illegal bunkering,Reporter,ABUJA: An Indian national is among 18 sailors arrested in Nigeria for allegedly attempting to illegally export stolen crude oil to…
"May 23, 2019",Business,"Sensex surges past Mt 40,000 as early trends show NDA win",Reporter,"MUMBAI: The benchmark BSE Sensex wennt past 40,000 points and the NSE Nifty soared over 12,000 points to hit their respective…"
"May 23, 2019",Featured,Initial trends show BJP making inroad in Telangana,Reporter,HYDERABAD: Initial trends from counting of votes for Lok Sabha polls in Telangana state suggests a revival for BJP in the State.…
"May 23, 2019",Technology,ZTE launches super affordable ZTE Blade A5,Reporter,"ZTE has launched a new entry-level smartphone, the ZTE Blade A5 2019. The Blade A5 2019 is an affordable smartphone, which might…"
"May 23, 2019",Technology,ARM breaks up with Huawei,Reporter,"Huawei is once again in trouble, as the chipset designed company ARM has issued a company-wide notice to its employees to cut down…"
"May 23, 2019",Lifestyle,Home Remedies For Low Blood Pressure,Reporter,Blood pressure is nothing but the pressure of the blood against the walls of the arteries. The normal blood pressure range is…
"May 23, 2019",Business,Stock Markets,Reporter,"Markets are expected to be immensely volatile, through the course of the day as counting for Indian parliament election…"
"May 23, 2019",Sports,Sabalenka through on busy day in Strasbourg,Reporter,"Strasbourg, May 23: Second seed Aryna Sabalenka set up an Internationaux de Strasbourg quarter-final against Monica Puig after…"
"May 23, 2019",Sports,Boxing set for Tokyo 2020 but AIBA faces suspension,Reporter,"London, May 23: Boxing should be at Tokyo 2020, the International Olympic Committee's (IOC) executive board has advised, but the…"
"May 23, 2019",Business,Muthoot Finance aims to grow its personal loan,Reporter,DELHI: Gold financing company Muthoot Finance aims to grow its personal loan book size to the tune of Rs 750-1000 crore by the end…
"May 23, 2019",Other States,Pallavaram Periya Eri: Contractor busy setting up machinery,Reporter,CHENNAI: The contract to clear the garbage in the Pallavaram Periya Eri was awarded last December. But after nearly six months…
"May 23, 2019",World,Final Brexit gambit,Reporter,LONDON: British Prime Minister Theresa May on Wednesday stared at the prospect of her political career coming to an inglorious end…
"May 23, 2019",Delhi,10 talking points of 2019 elections,Reporter,"From nationalism to corruption and Varanasi to Wayanad, leaders discussed a host of issues and debated raging controversies in the…"
"May 23, 2019",Featured,Secular Democratic Front,Reporter,A year to the date after they came together on a stage in Bengaluru to celebrate the formation of a Janata Dal (Secular)-Congress…
"May 23, 2019",National,Srinagar diary,Reporter,15-day Ramzan festival begins A 15-day Ramadan festival commenced on Tuesday at Kashmir Haat in Srinagar. The festival is being…
"May 23, 2019",National,Swaraj calls for bolstering regional security,Reporter,External Affairs Minister Sushma Swaraj said Wednesday that India was determined to strengthen cooperation within the SCO…
"May 23, 2019",National,Congress ready with a three-step Opp plan,Reporter,"Believing that the BJP-led NDA will fall well short of the halfway mark of 272, the Congress, in consultation with many Opposition…"
"May 23, 2019",National,4 Judges for elevation to Supreme Court,Reporter,"NEW DELHI: The government is learnt to have cleared the names of four judges for their elevation to the Supreme Court, sources…"
"May 23, 2019",Other States,Bihar DGP makes appeal to youth for maintaining peace,Reporter,PATNA: Bihar police chief Gupteshwar Panday on late Wednesday evening made an appeal to the youth in the state to keep law and…
"May 23, 2019",Delhi,Counting to begin on Thursday morning,Reporter,"NEW DELHI: Counting of votes, the grand finale in the seven-phase Lok Sabha elections in 542 seats, will begin on Thursday along…"
"May 23, 2019",Featured,Six times exit pollsters ended,Reporter,"With almost all the exit polls predicting a sweep for the BJP-led NDA government, ruling party leaders are sporting a smug look,…"
"May 22, 2019",Automotive,Suzuki Gixxer SF First Ride Review,Reporter,The Suzuki Gixxer has been around in the market since quite a while now. The motorcycle is present both in the naked and the fared…
"May 22, 2019",News Removed/page not available,Hyundai’s First Compact-SUV In India,Reporter,Hyundai India recently launched the Venue SUV in the Indian market. This is Hyundai's first sub-four metre compact-SUV offering in…
"May 22, 2019",Automotive,Toyota Corolla Owner Gets Car Wrapped In Cow Dung,Reporter,We're in the middle of Summer and we're experiencing average temperatures of about 42 degrees across the country. What we do to…
"May 22, 2019",Technology,Indian EVMs cannot be hacked,Reporter,"It has become a custom for political parties in India to blame EVMs or Electronics Voting Machines in India, especially when they…"
"May 22, 2019",Technology,TCL TV Days on Amazon,Reporter,"TCL Electronics has announced the launch of 'TCL TV Days' exclusively on Amazon India from 22 to 24 May. During this sale, the…"
"May 22, 2019",Entertainment,Game of Thrones: Nikolaj Coster,Reporter,"LOS ANGELES: ""Game of Thrones"" star Nikolaj Coster-Waldau says he wants Maisie Williams' Arya Stark to feature in her own spin-off…"
"May 22, 2019",Entertainment,It was my choice not to do films for a while: Karisma Kapoor,Reporter,NEW DELHI: It's been over seven years since the audience saw actress Karisma Kapoor lighting up the screens with her high on…
"May 22, 2019",Other States,Cooum boating jetties in restoration plan,Reporter,CHENNAI: The abandoned boating jetties built along the Cooum in the early 1970s may soon become nothing more than a piece of…
"May 22, 2019",World,India more determined in fighting terror: Swaraj to SCO,Reporter,BISHKEK: India on Wednesday said the ghastly bombings in Sri Lanka at a time when the wounds of the Pulwama terror attack were…
"May 22, 2019",News Removed/page not available,Narendra Modi has failed to end India’s tax terror,Reporter,"Exit polls are pointing to another term for Narendra Modi in India, but don’t expect overseas investors to be as pumped up by his…"
"May 22, 2019",Featured,"Sharad Pawar gets in touch with KCR, Naveen Patnaik",Reporter,"With the Exit Polls clearly giving the Narendra Modi-led NDA a thumping majority ahead of Thursday's counting, now NCP chief…"
"May 22, 2019",Featured,Verify VVPAT slips before counting of votes,Reporter,The three-member Election Commission on Wednesday rejected the demand from 22 opposition parties to first verify voter paper trail…
"May 22, 2019",National,Countdown to counting,Reporter,On the day 22 Opposition parties approached the Election Commission and drew its attention to reports of what they called…
"May 22, 2019",Sports,F1 Raceweek,Reporter,"Monaco, May 22: ""Very special and hectic."" That is how Max Verstappen has described the Monaco Grand Prix, where many Formula One…"
"May 22, 2019",Business,Resolution for group companies,Reporter,"NEW DELHI: The resolution process for 10 profitable IL&FS group companies, having total debt of Rs 11,564 crore, is underway,…"
"May 22, 2019",Business,Bank deposit mobilisation,Reporter,"Contrary to popular perception, interest rates alone don’t move the needle towards high bank deposits. Instead, economic growth…"
"May 22, 2019",Other States,Warhorse makes a smart move to shield himself ?,Reporter,"BENGALURU: Senior Congress leader Roshan Baig’s all-out attack on Dinesh Gundu Rao, KC Venugopal and Siddaramaiah may seem like…"
"May 22, 2019",Other States,No lifeline for Cooum boating jetties in restoration plan,Reporter,CHENNAI: The abandoned boating jetties built along the Cooum in the early 1970s may soon become nothing more than a piece of…
"May 22, 2019",Entertainment,Maharshi Worldwide Box Office Collections (Day 13),Reporter,"Maharshi, the Mahesh Babu starrer has turned out to be the movie of the year so far. By enjoying a grand run in the theatres,…"
"May 22, 2019",Sports,Shahzad and Naib star as Afghanistan bounce back in Belfast,Reporter,"Belfast, May 22: Mohammad Shahzad's sixth one-day international century and captain Gulbadin Naib's 6-43 ensured Afghanistan got…"
"May 22, 2019",Technology,smartphones with 5000 mAh,Reporter,A user's performing task without any stoppage also depends on the battery the device is sitting with. The great urge of gaming and…
"May 22, 2019",Lifestyle,Home-made Foot Scrubs,Reporter,Foot care is the most overlooked part of our skincare routine. Taking proper care of your feet is essential and many people think…
"May 22, 2019",Delhi,Mi-17 chopper drowning,Reporter,"New Delhi, May 22: An officer of the Indian Air Force has removed one of its officers for the circumstances that led to the crash…"
"May 22, 2019",Delhi,Result day draws closer,Reporter,"New Delhi, May 22: Two key allies of the NDA had hinted at a larger role in the next government. Both Nitish Kumar of the JD(U)…"
"May 22, 2019",Delhi,What is at stake for BJP and Congress,Reporter,"New Delhi, May 22: An overwhelming majority of exit polls has predicted a return of the Narendra Modi-led National Democratic…"
"May 22, 2019",World,Indian-origin candidates in Brexit clash for EU polls,Reporter,"LONDON: The UK will vote in the European Union (EU) elections on Thursday to elect Members of the European Parliament (MEP), a…"
"May 22, 2019",News Removed/page not available,India projected to grow at 7.1 per cent in FY’20: UN,Reporter,UNITED NATIONS: India's economy is projected to grow at 7.1 per cent in fiscal year 2020 on the back of strong domestic…
"May 22, 2019",National,Shocking Gujarat exam results,Reporter,GANDHINAGAR: Not a single student from as many as 63 schools managed to clear the Secondary School Certificate examinations…
"May 22, 2019",Sports,India Open boxing tournament,Reporter,"GUWAHATI: Six-time world champion Mary Kom made a successful return to 51kg category, overwhelming Mala Rai of Nepal to reach the…"
"May 22, 2019",News Removed/page not available,‘Needless Controversy’ over EVMs by opposition,Reporter,"NEW DELHI: Prime Minister Narendra Modi Tuesday expressed concern over the ""needless controversy"" created by the Opposition over…"
"May 22, 2019",Featured,India launches radar imaging RISAT-2B satellite,Reporter,SRIHARIKOTA (Andhra Pradesh): India's Polar Satellite Launch Vehicle (PSLV) rocket carrying radar imaging earth observation…
"May 21, 2019",Automotive,Suzuki Confirms Gixxer 250 Naked Roadster Launch,Reporter,Suzuki intends launching the 250 cc naked roadster within the next few months. We expect the motorcycle to be called the Gixxer…
"May 21, 2019",Automotive,Renault More Passion For Life Coming July 2019,Reporter,"Renault had released an official teaser video for it's soon-to-be launched sub-4 meter SUV, the Renault Triber. Renault has also…"
"May 21, 2019",Automotive,Skoda Rapid To Feature New 1.0-Litre TSI Engine,Reporter,"Last year AutoCar India reported that Volkswagen's sophisticated 1.0-litre, three-cylinder turbocharged petrol engine would be…"
"May 21, 2019",Technology,Honor 20 Gradient White color,Reporter,Honor is all set to launch a new flagship smartphone series called the Honor 20. The Chinese smartphone brand has scheduled the…
"May 21, 2019",Technology,Astronomers determine Planet Nine orbit,Reporter,"Astronomers believe, Planet Nine is located in somewhere in the region of space beyond the Kuiper Belt which is at the far side of…"
"May 21, 2019",News Removed/page not available,Woman’s Mouth Exploded Because Of The Toxin She Consumed,Reporter,People who commit suicide are not cowards as taking the decision of giving up everything in life does really need guts. From…
"May 21, 2019",News Removed/page not available,‘Game of Thrones’ spoiler months ago!,Reporter,WASHINGTON: While fans eagerly waited to discover how the highly-anticipated show 'Game of Thrones' endS and absolutely hated…
"May 21, 2019",Sports,Niki Lauda passes away at 70,Reporter,"VIENNA: Legendary Formula One driver Niki Lauda has died at the age of 70, his family said in a statement released to Austrian…"
"May 21, 2019",Business,IRDAI may hike automobile insurance premium,Reporter,"NEW DELHI: After holding the hike in insurance premium till election, the Insurance Regulatory and Development Authority of India…"
"May 21, 2019",Business,Rupee rises 6 paise against US dollar on foreign fund inflows,Reporter,"MUMBAI: Rising for the second straight session, the rupee Tuesday inched up 6 paise to 69.80 against the US dollar on fresh…"
"May 21, 2019",World,Julian Assange on rape suspicion,Reporter,"STOCKHOLM: Swedish prosecutors on Monday issued a formal request to hold Julian Assange, currently imprisoned in Britain, on…"
"May 21, 2019",World,Nepali Kami Rita Sherpa takes record tally to 24,Reporter,KATHMANDU (Nepal): Only last week Nepali mountain guide Kami Rita Sherpa set a new record by climbing Everest a 23rd time. On…
"May 21, 2019",Other States,Passengers irked by lack of connectivity,Reporter,CHENNAI: It has been months since the north-bound buses are being operated from the new Madhavaram bus terminus. But still there…
"May 21, 2019",News Removed/page not available,Jet Airways staff knock on Aviation Ministry’s doors,Reporter,"NEW DELHI: Employees of cash-strapped Jet Airways protested outside the Civil Aviation Ministry here on Tuesday, demanding the…"
"May 21, 2019",Other States,"West Bengal Madhyamik Result 2019 declared,",Reporter,"KOLKATA: The results of West Bengal Madhyamik examinations which ended on February 22 last, was declared on Tuesday ( May 21),…"
"May 21, 2019",National,CBI clean chit in DA case,Reporter,NEW DELHI: The Central Bureau of Investigation (CBI) in an affidavit filed before the Supreme Court gave clean chits to former…
"May 21, 2019",Delhi,"Kejriwal dials Akhilesh, discusses road ahead",Reporter,NEW DELHI: Delhi Chief Minister and Aam Aadmi Party (AAP) supremo Arvind Kejriwal talked to Samajwadi Party (SP) chief Akhilesh…
"May 21, 2019",Featured,EC rejects charge of EVM misuse,Reporter,GHAZIPUR/JHANSI: Election Commission of India on Tuesday quashed allegations of discrepancies in handling and storage of EVMs in…
"May 21, 2019",Other States,The shift in boundaries,Reporter,"On a sweltering afternoon, director Teja breathes easy after completing the post production work of Sita , which is scheduled to…"
"May 21, 2019",World,children to school without fear,Reporter,"COLOMBO: Sri Lankan government on Wednesday appealed to all parents to send their children to school without fear, as the country…"
"May 21, 2019",News Removed/page not available,Everything you should know about Reliance Jio’s VoWi-Fi plans,Reporter,"After launching telecom services in India, Reliance Jio is now planning to launch VoWi-Fi ( Voice over Wi-Fi), Telecomtalk…"
"May 21, 2019",Entertainment,Mohanlal Birthday Special,Reporter,"Mohanlal, the complete actor of Malayalam movie industry, is celebrating his 59th birthday today. As we all know, Mohanlal is…"
"May 21, 2019",Business,Google Android restrictions mean for Huawei,Reporter,"NEW DELHI: After Samsung, Huawei has the biggest share in the global smartphone market but it now faces a huge challenge after…"
"May 21, 2019",Sports,Kylian Mbappe hints at moving away from PSG,Reporter,PARIS: Paris St-Germain's (PSG) star striker Kylian Mbappe has put his future with the French champions in doubt with his comments…
"May 21, 2019",Sports,ICC World Cup 2019,Reporter,"Team India can breathe a huge sigh of relief as all-rounder Kedar Jadhav, who had hurt his left shoulder during the…"
"May 21, 2019",National,"At 67.11%, Voter Turnout This Lok Sabha Election Surpasses All Past Records",Reporter,New Delhi: An estimated 67.11 per cent of the nearly 91 crore electors turned up to cast their vote in this year's seven-phase Lok…
"May 21, 2019",News Removed/page not available,"Explain What’s Wrong, Says Vivek Oberoi",Reporter,New Delhi: Actor Vivek Oberoi has hit back at the National Commission for Women (NCW)'s notice against a post shared by him that…
"May 21, 2019",National,More Trouble for Congress Post-Poll Results,Reporter,"New Delhi: The Lok Sabka election results may add a jolt to the Congress party, which is already facing a tough time keeping its…"
"May 21, 2019",Delhi,"As Exit Poll Results Create Turbulence, Top Leaders Charge Up for D-Day",Reporter,New Delhi: The exit poll forecast has led to hectic parleys in political circles with TDP chief Chandrababu Naidu taking the lead…
"May 21, 2019",Delhi,"BJP set for D-Day, hope still alive at Congress HQ",Reporter,"New Delhi, May 21: A day after the exit polls unanimously predicted another term for the NDA, contrasting emotions were visible at…"
"May 21, 2019",Featured,Is Bhupesh Baghel shielding Brijmohan Agarwal over crop insurance scam?,Reporter,"New Delhi, May 21: Chhattisgarh Chief Minister Bhupesh Baghel is being accused of shielding Bharatiya Janata Party (BJP) leader…"
"May 21, 2019",Featured,"BJP celebrates, opposition plans on taking on EVMs",Reporter,"New Delhi, May 21: The BJP reacted with jubilation at the exit polls, which forecast a return of the NDA government, saying that…"
"May 21, 2019",Crime,Bihar witnesses loots and murder,Reporter,"PATNA: In post-poll spurt of crimes, criminals had a field day on Monday in Bihar. In Patna's Malahipakri areas, a student of…"
"May 20, 2019",Automotive,New Suzuki Gixxer SF 150 Launched In India,Reporter,Suzuki Gixxer SF 150 has launched the updated Gixxer SF 150 in the indian market. The new (2019) Suzuki Gixxer SF 150 is offered…
"May 20, 2019",Technology,"Samsung India, Ready Action",Reporter,"As a part of its flagship campaign, 'India, Ready Action' to engage with Indian millennials, Samsung in association with…"
"May 20, 2019",Entertainment,Rewind with Ilaiyaraaja: The gate to fame,Reporter,‘This photo was taken during a composing session for Panneer Pushpangal. Vasu’s appa Peethambaram was the only makeup man to work…
"May 20, 2019",Business,Bank of Baroda looks to rationalise 800-900 branches,Reporter,NEW DELHI: State-owned Bank of Baroda (BoB) is considering the option of rationalising 800-900 branches across the country to…
"May 20, 2019",World,Russia air strikes kill 10 civilians in northwest Syria,Reporter,KAFRANBEL (Syria): Air strikes by Syrian regime ally Russia have killed 10 civilians including five children in a northwestern…
"May 20, 2019",Delhi,"Can east, south offset BJP deficit?",Reporter,The biggest test for India's largest democracy is going to end in the Lok Sabha elections. The whole country's focus is on West…
"May 20, 2019",Crime,Congress supporter kills 60-year-old man for voting for BJP,Reporter,"INDORE: A Congress supporter shot dead a 60-year-old man accusing him of 'voting for the BJP' here in Madhya Pradesh, police said.…"
"May 20, 2019",National,A second Narendra Modi term needs to be bolder than first,Reporter,"Exit polls in India have a patchy record. Polling has been off the mark in two of the last four general elections in India, so…"
"May 20, 2019",Featured,BJP rushes to Madhya Pradesh governor,Reporter,"BJP has written to Madhya Pradesh governor Anandiben Patel asking for a special assembly session, claiming that the Congress…"
"May 20, 2019",Automotive,Toyota Glanza Launch,Reporter,"Toyota has officially announced the launch date of the Glanza hatchback to be June 6 this year. In the past few weeks, we have…"
"May 20, 2019",Automotive,Emergency Landing in Indonesia,Reporter,Poor weather conditions have forced seven French navy fighter jets taking part in a training exercise to make emergency landings…
"May 20, 2019",Technology,"Camera smartphones to buy right now under Rs. 20,000",Reporter,Smartphone technology has been evolved so efficiently that makers don't have to rely on designing only high-end devices. But…
"May 20, 2019",Technology,Google services as Trump Govt blacklists Huawei,Reporter,"In the latest political move between China and the US, Google has suspended some of the services from Huawei, which might be a…"
"May 20, 2019",Lifestyle,9 Things People With Oily Skin Should Never Do,Reporter,Oily skin is a common skin concern among people all over the world. It is a result of overactive sebaceous glands that lead to…
"May 20, 2019",Entertainment,Bepannaah Title Was Stolen,Reporter,Jennifer Winget-Harshad Chopda fans had claimed that the makers of Pearl V Puri's show Bepanah Pyaar are cashing in on popularity…
"May 20, 2019",Entertainment,Dreams Do Come True,Reporter,Kasautii Zindagii Kay 2 actress Hina Khan is hitting the headlines for all the right reasons! The actress has impressed and made…
"May 20, 2019",Sports,Koepka retains US PGA title despite back-nine collapse,Reporter,"New York, May 20: Brooks Koepka retained his US PGA Championship title in dramatic fashion, triumphing by two strokes from Dustin…"
"May 20, 2019",Featured,Plus-one trial allotment set to begin today,Reporter,THIRUVANANTHAPURAM: The trial allotment for the Plus-1 admissions will begin on Monday at 10 am. The allotment procedure under the…
"May 20, 2019",Sports,Suryakumar Yadav not bothered by India A snub,Reporter,"MUMBAI: Despite having a brilliant Indian Premier League season, Suryakumar Yadav's name did not figure in the India A squads…"
"May 20, 2019",Sports,R Ashwin set to play six games for Nottinghamshire,Reporter,NEW DELHI: Senior India off-spinner Ravichandran Ashwin will be tuning up for the inaugural World Test Championship against West…
"May 20, 2019",Business,FlexiLoans targets 10 times growth in lending,Reporter,"NEW DELHI: Fintech player FlexiLoans, which focuses on micro, small and medium enterprises (MSME), aims to grow its loan…"
"May 20, 2019",Business,IOC weighs US sanctions effect on CPCL expansion,Reporter,"Following the US decision to reimpose sanctions on Iran, Indian Oil Corporation is evaluating the impact if Iran was to further…"
"May 20, 2019",Delhi,Transgender voters in Delhi not very high this time,Reporter,NEW DELHI: Delhi Chief Electoral Officer Ranbir Singh said the turnout of transgender voters in the seven Lok Sabha seats in the…
"May 20, 2019",Featured,Kailash Mansarovar in tentative list of world heritage sites,Reporter,"NEW DELHI: UNESCO has included the Indian part of Kailash Mansarovar in its tentative list of world heritage sites, sources in the…"
"May 20, 2019",News Removed/page not available,"Sukhbir Singh Badal’s daughter, first-time voter",Reporter,"CHANDIGARH: SAD chief Sukhbir Singh Badal's younger daughter Gurleen Kaur, a first-time voter, was issued a notice for allegedly…"
"May 20, 2019",Featured,EC to re-examine PMO,Reporter,NEW DELHI: The Election Commission has decided to re-examine the clearance it had given to Prime Minister's Office and NITI Aayog…
"May 20, 2019",Other States,"Sewage water, garbage stink up Urur Kuppam",Reporter,"CHENNAI: Reeking sewage water runs in the open and week-old garbage is strewn almost in all corners of the village. Toilets? No,…"
"May 20, 2019",News Removed/page not available,"Gang of barges into woman’s house,",Reporter,"BENGALURU: A group of men barged into the house of a 23-year-old woman, sought sexual favours from her, threatened to throw acid…"
"May 20, 2019",Other States,Seafood prices shoot up by 50 per cent,Reporter,"CHENNAI: Prices of seafood have increased by at least 50 per cent in the city due to the annual fishing ban, according to fish…"
"May 20, 2019",World,Abortion ban in Alabama,Reporter,MONTGOMERY(US): Thousands of demonstrators prepared to take to the streets around the southern US state of Alabama on Sunday to…
"May 20, 2019",National,Over 900 posts taken down from social media,Reporter,"NEW DELHI: Social media platforms, including Facebook, Twitter and WhatsApp, removed a total of 909 posts during the Lok Sabha…"
"May 20, 2019",World,Pakistan appointing NSA to resume backchannel diplomacy,Reporter,ISLAMABAD: The Imran Khan-led Pakistan government is actively considering appointing a National Security Advisor to revive…
"May 20, 2019",News Removed/page not available,Yadav calls it ‘murder conspiracy’,Reporter,PATNA: Private security guards of jailed RJD chief Lalu Prasad's elder son Tej Pratap Yadav on Sunday roughed-up a cameraperson…
"May 20, 2019",Crime,Two criminals dead after shootout,Reporter,NEW DELHI: Two suspected criminals were killed following a shootout between rival gangs near the Dwarka Mor metro station in South…
"May 20, 2019",Featured,Exit polls results vary widely for 3 states,Reporter,"While most exit polls project that the NDA will comfortably cross the magic mark of 272 seats to form the government, the…"
"May 20, 2019",Sports,Spot-fixing scandal of 2010,Reporter,KARACHI: Former captain Shahid Afridi said that he did not blow the whistle on the spot-fixing scandal that rocked world cricket…
"May 20, 2019",News Removed/page not available,Exit polls predict NDA’s return,Reporter,"Is the Narendra Modi-led NDA coming back to power? Yes, and emphatically at that, if the exit polls are to be believed. Put…"
"May 19, 2019",Automotive,KTM RC 125 to Go on Sale This July,Reporter,The KTM Duke 125 sent ripples across the entry-level streetfighter segment after it was launched. The same success has now buoyed…
"May 19, 2019",Automotive,Leading From Front: IAF Chief Flies MiG-21,Reporter,"Indian Air Force chief Birender Singh Dhanoa flew a number of MiG-21 sorties in Sulur, Coimbatore in Tamil Nadu. Though chiefs…"
"May 19, 2019",Automotive,Bajaj Auto Confirms November Launch For Husqvarna Twins,Reporter,Bajaj Auto has officially announced that the Husqvarna range of motorcycles will be launched in India during this year's festive…
"May 19, 2019",Lifestyle,"Schizophrenia: Causes, Symptoms And Treatment",Reporter,"Schizophrenia is a complex and chronic mental health condition characterised by several symptoms such as delusions,…"
"May 19, 2019",Technology,10 OnePlus 7 Pro tips and tricks,Reporter,OnePlus is known for launching affordable flagship smartphones that do not miss out offering a premium feel. The company usually…
"May 19, 2019",Technology,How to change Instagram username,Reporter,Instagram’s growth from a simple square-shaped picture-sharing app to the social giant it is today is nothing short of impressive.…
"May 19, 2019",Technology,How to unban your phone in PUBG Mobile,Reporter,"The battle royale game, PUBG, is coursing through the world of online gaming like never before. This upsurge in the game’s usage…"
"May 19, 2019",Crime,China sentences Japanese man on espionage charges,Reporter,BEIJING: A Chinese court on Friday handed a five and half year prison sentence to a 70-year-old Japanese man on charges of…
"May 19, 2019",News Removed/page not available,Deepika Padukone to become face of yogurt brand ‘Epigamia’,Reporter,"Flavoured greek yoghurt may seem like the kind of passing fad that disappears as miraculously as they appear, but the success of…"
"May 19, 2019",Sports,Captain Vincent Kompany to leave Manchester City,Reporter,LONDON: Club captain Vincent Kompany announced Sunday that he is to leave Manchester City after 11 trophy-laden years. The…
"May 19, 2019",Business,Air India set to add two new flights,Reporter,"NEW DELHI: With the grounding of Jet Airways significantly affecting the number of passengers flying from the country to Dubai,…"
"May 19, 2019",World,victims of civil war in Sri Lanka,Reporter,COLOMBO: Thousands of Tamils in Northern Sri Lanka observed the 10th anniversary of the brutal civil war between the government…
"May 19, 2019",Other States,"Bengaluru: Toddler swallows nail, survives",Reporter,BENGALURU: A one-year-old girl who swallowed a two-inch-long nail recently survived the ordeal with timely intervention. A…
"May 19, 2019",News Removed/page not available,Schools can’t force parents to buy accessories: Madras High Court,Reporter,CHENNAI: Schools have been told by Madras High Court not to insist upon parents to buy accessories other than textbooks. Vacation…
"May 19, 2019",News Removed/page not available,Modi becomes India’s nationalist powerhouse,Reporter,"NEW DELHI: Stern, sharp and shrewd, Narendra Modi fought his way off the streets to become one of India's most popular and…"
"May 19, 2019",News Removed/page not available,PM Modi’s visit to Kedarnath violates poll code,Reporter,NEW DELHI: The TMC wrote to the Election Commission Sunday alleging the visit of Prime Minister Narendra Modi to the Himalayan…
"May 19, 2019",Featured,Lok Sabha elections Phase 7 LIVE,Reporter,Voting is underway across fifty-nine seats in eight states in the final round of the Lok Sabha elections that began 38 days ago.…
"May 19, 2019",Delhi,demonetization as job crisis continues to worsen,Reporter,"NEW DELHI: The ruling NDA government won a landslide in 2014 on a promise that it will produce jobs. Five years down the line,…"
"May 19, 2019",Delhi,Anti-BJP alliance buzz,Reporter,NEW DELHI: Andhra Pradesh Chief Minister and TDP leader N Chandrababu Naidu Sunday held a second round of talks with top…
"May 19, 2019",Other States,Bhubaneswar city administration urged to give priority to native species,Reporter,Plant lovers have urged Bhubaneswar city administration to undertake plantation of native species which could withstand the strong…
"May 19, 2019",Sports,Manchester City crush Watford 6-0 to complete treble in style,Reporter,Raheem Sterling scored a hat-trick as Manchester City crushed Watford 6-0 in the FA Cup final on Saturday to become the first team…
"May 19, 2019",Lifestyle,"No shortage of polio vaccine, says Health Ministry",Reporter,"There is no shortage of polio vaccine for routine immunisation, “with the Health Ministry ensuring that we keep a shock-absorber…"
"May 19, 2019",National,Bengal braces for crucial last phase of polling,Reporter,Elections for the seventh and most crucial phase of the Lok Sabha election in West Bengal will be held on Sunday with the highest…
"May 19, 2019",News Removed/page not available,Priyanka Gandhi on Rajiv convicts’ pardon,Reporter,"“Personally, I have said I do not believe in violence. The answer to violence does not lie in more violence. I believe the answer…"
"May 19, 2019",Business,IndiGo has great track record of resolving issues,Reporter,NEW DELHI: There may be differences between IndiGo promoters Rakesh Gangwal and Rahul Bhatia on certain matters but the company…
"May 19, 2019",Business,UST Global appoints Krishna Sudheendra as new CEO,Reporter,THIRUVANANTHAPURAM: UST Global CFO and President Krishna Sudheendra will replace Sajan Pillai as the new CEO of the company.…
"May 19, 2019",Crime,Nine children working as bonded labourers,Reporter,"NEW DELHI: Nine children, including seven girls, were rescued from two meat processing units in the national capital where they…"
"May 19, 2019",World,Austrian Chancellor Sebastian Kurz announces new elections over corruption scandal,Reporter,VIENNA: Austria's Chancellor Sebastian Kurz has announced fresh elections after explosive revelations from a hidden camera sting…
"May 19, 2019",World,Odisha cabinet recommends dissolution of legislative assembly,Reporter,"BHUBANESWAR: The Odisha Cabinet on Saturday recommended dissolution of the 15th Legislative Assembly, amid the ongoing restoration…"
"May 19, 2019",Sports,FA Cup: Manchester City 6 Watford 0,Reporter,"London, May 19: Manchester City clinched an unprecedented domestic treble by winning the FA Cup thanks to a Raheem…"
"May 19, 2019",Delhi,Naidu takes lead to galvanise opposition days ahead of result,Reporter,"New Delhi, May 19: Andhra Pradesh Pradesh Chief Minister N Chandrababu Naidu on Saturday met BSP chief Mayawati and Samajwadi…"
"May 19, 2019",News Removed/page not available,Modi to seek re-election in UP’s Varanasi today,Reporter,"New Delhi, May 19: Fifty nine parliamentary constituencies across seven states and one Union Territory will go to polls in the…"
"May 19, 2019",Featured,final stage of Lok Sabha elections 2019,Reporter,"New Delhi, May 19: The seven-phase Lok Sabha elections, one of the most bitterly fought in recent memory, will come to a close…"
"May 18, 2019",Lifestyle,Hot Water Or Cold Water: Which Is Healthier?,Reporter,Drinking water is essential for every form of life. Water constitutes to nearly 70% of our body's buildup and is responsible for…
"May 18, 2019",Technology,"An asteroid just skimmed Earth hurtling at speed of 21,500mph",Reporter,"A space rock hurtling at high speed of 21,500mph just skimmed Earth at a fraction of the distance between our planet and the Moon,…"
"May 18, 2019",Technology,Xiaomi Black Shark 2 gaming smartphone launch on May 27 in India,Reporter,"Xiaomi Black Shark 2, the gaming smartphone by the Chinese tech giant has been officially unveiled earlier this year. The premium…"
"May 18, 2019",Sports,India in high-scoring World Cup: Rahul Dravid,Reporter,MUMBAI: Batting great Rahul Dravid Friday said the presence of wicket-taking bowlers will greatly benefit India in the middle…
"May 18, 2019",Sports,Zlatan Ibrahimovic hit with ban for violent conduct,Reporter,LOS ANGELES: Zlatan Ibrahimovic has been suspended for two games after grabbing New York City FC goalkeeper Sean Johnson by the…
"May 18, 2019",Business,Farm distress among major challenges,Reporter,"NEW DELHI: Once the high-voltage Lok Sabha polls come to an end, the new government will have a major challenge of getting rural…"
"May 18, 2019",Entertainment,Bollywood divas impress with bold fashion choices at Cannes,Reporter,"CANNES: India may have no representation when it comes to films at Cannes, but Indians stars Priyanka Chopra Jonas, Kangana Ranaut…"
"May 18, 2019",Other States,Pre-monsoon downpour,Reporter,BENGALURU: Thunderstorms accompanied by hail lashed the city on Friday afternoon and evening affecting normal life. The Met…
"May 18, 2019",Technology,PUBG Mobile Season 7,Reporter,"The new season for PUBG Mobile has begun and we are already loaded up with the new Royal Pass. New additions, for now, include the…"
"May 18, 2019",Automotive,"Jeep Wrangler Rubicon Spied Undisguised Outside Dealership, India Launch Soon?",Reporter,"The Jeep Wrangler Rubicon model that was snapped also has ARAI stickers on it, suggesting that the model is still undergoing…"
"May 18, 2019",News Removed/page not available,Cricket South Africa Name 28-Member Conditioning Squad for 2019/20 season,Reporter,Cricket South Africa (CSA) on Friday (May 17) named a squad of 28 players outside the nationally contracted players for a…
"May 18, 2019",News Removed/page not available,Malaika Arora Approves Arjun Kapoor’s ‘Simple Enough to Follow’ Rules,Reporter,Arjun Kapoor and Malaika Arora have been making headlines for their alleged affair for some time now. While Arjun and Malaika have…
"May 18, 2019",Entertainment,De De Pyaar De FULL MOVIE LEAKED Online By Tamilrockers,Reporter,"The notorious site is at it again! After Student Of The Year 2, Ajay Devgn starrer De De Pyaar De full movie gets leaked online by…"
"May 18, 2019",News Removed/page not available,Modi’s election campaign,Reporter,NEW DELHI: Prime Minister Narendra Modi flew 1.5 lakh km and addressed 142 public rallies during the most extensive campaign for a…
"May 18, 2019",Business,Reliance Capital repays Rs 650 crore NCDs,Reporter,MUMBAI: Anil Ambani-led Reliance Capital has said it has repaid Rs 650 crore of non-convertible debenture that were due on Friday.…
"May 18, 2019",National,FIR against Amazon over products with images of Hindu gods,Reporter,"NOIDA: The Noida Police on Friday registered a case against e-commerce giant Amazon for allegedly hurting ""Hindu sentiments"" after…"
"May 18, 2019",World,Donald Trump on escalating US-Iran tensions,Reporter,WASHINGTON: President Donald Trump says he hopes the US is not on a path to war with Iran amid fears that his two most hawkish…
"May 18, 2019",Crime,Indian-origin man charged for USD 98 million fraud in US,Reporter,"WASHINGTON: An Indian-origin man in the US has been indicted for committing wire fraud to the tune of USD 98 million, the…"
"May 18, 2019",World,Indian mountaineers die as another goes missing in Nepal,Reporter,"KATHMANDU: Two Indian climbers, including an Indian Army soldier, have died and another has gone missing in Nepal after one of…"
"May 18, 2019",Business,NSE to challenge SEBI rulings in co-location case,Reporter,MUMBAI: Largest stock bourse NSE on Friday said it will soon move the Securities Appellate Tribunal against SEBI rulings in the…
"May 18, 2019",Featured,Congress ready to lead secular coalition if given a chance,Reporter,NEW DELHI: The Congress Friday said it is committed to constituting a progressive and secular government and ready to lead a…
"May 18, 2019",National,"Now Congress changes tone, says ready to lead coalition",Reporter,"New Delhi, May 18: The Congress Friday said it is committed to constituting a progressive and secular government and ready to lead…"
"May 18, 2019",Delhi,Campaigning for final phase comes to an end,Reporter,"New Delhi, May 18: Asserting that the BJP will come back to power with a full majority, Prime Minister Narendra Modi on Friday…"
"May 18, 2019",Featured,"There will be NYAY, wait till May 23",Reporter,"New Delhi, May 18: Congress general secretary Priyanka Gandhi Vadra on Friday said her party did not allow the BJP to divert the…"
"May 18, 2019",Featured,Will Ara repeat saffron or Red?,Reporter,"New Delhi, May 18: Ara Parliamentary constituency is one of the eight seats in Bihar that will vote in the seventh and final phase…"
"May 17, 2019",Automotive,MG eZS Electric SUV Spied Ahead of Upcoming India Launch,Reporter,The MG eZS electric SUV is the electric twin of the ZS SUV sold abroad. The eZS will be the second car launched my MG in India.A…
"May 17, 2019",Automotive,Honda Files Patents For Varying Riding Positions,Reporter,Motorcycle manufacturing giant Honda has filed a series of patent applications in Japan for what appears to be a new technology.…
"May 17, 2019",News Removed/page not available,Navalur tollgate testing motorist’s patience with long waiting time,Reporter,"CHENNAI: For people living in and around Navalur, crossing the tollgate on the Rajiv Gandhi Salai is a dreaded task. Motorists are…"
"May 17, 2019",Other States,BDA property tax collection goes online,Reporter,"BENGALURU: Without much fuss, the Bangalore Development Authority’s online collection of property tax finally became operational…"
"May 17, 2019",Other States,Chennai: Insurance firm told to pay Rs 3.17 lakh to octogenarian,Reporter,"CHENNAI: For failing to settle claim, a consumer forum has directed United India Insurance to provide a compensation of Rs 3.17…"
"May 17, 2019",Crime,Two Indian-American Sikh youths killed in car accident,Reporter,"WASHINGTON: Two Indian-American Sikh youths died and another injured after their car hit a tree in Indiana, according to a local…"
"May 17, 2019",World,Indian man jailed for stalking woman in UK,Reporter,LONDON: An Indian man who stalked a woman over a period of 18 months after she attended to him just once in a shop in London has…
"May 17, 2019",Business,Rupee Opens Lower At 70.26 As Dollar Gains,Reporter,"The Indian rupee opened at 70.26 per dollar on Friday versus previous close 70.03. Even on the back of gains in crude oil prices,…"
"May 17, 2019",Business,L&T Further Increases Stake In Mindtree,Reporter,Engineering behemoth Larsen and Turbo's (L&T) stake in Mindtree rose to 26.48 percent from the earlier 25.94 percent after…
"May 17, 2019",Business,Few Important Income Tax Deadlines That You May Not Want To Miss On,Reporter,An individual resident in India needs to pay taxes as per their income and tax slab they fall in and income tax department also…
"May 17, 2019",Entertainment,,Reporter,"Amitabh Bachchan is known for sharing 'flashback pictures' on his Instagram/Twitter page. Most of the times, he shares picture…"
"May 17, 2019",Sports,"Not Prabhas, Jr NTR Or Ram Charan, But This Star Makes It To The Elite List!",Reporter,Telugu film industry has a whole lot of heroes who are so popular in the northern part of India too. Along with the senior-most…
"May 17, 2019",Entertainment,Bangladesh Cricket Board appoint Wasim Jaffer as batting consultant,Reporter,"Mirpur, May 17: Former India opener Wasim Jaffer has been roped in by Bangladesh Cricket Board as the batting consultant for its…"
"May 17, 2019",Technology,De De Pyaar De Movie Review: Live Audience Reaction Over Ajay Devgn & Rakul Preet Starrer,Reporter,Ajay Devgn and Rakul Preet starrer De De Pyaar De has already hit the theatres today and we're here with the live audience movie…
"May 17, 2019",Sports,"Finally Huawei release a 5G phone, Huawei Mate 20 X (5G) that we can buy",Reporter,"The Huawei Mate X was the first Huawei smartphone with support for 5G network, now, Huawei has launched yet another 5G smartphone,…"
"May 17, 2019",National,Morata demands respect for Griezmann ahead of Atletico exit,Reporter,"Madrid, May 17: Alvaro Morata wants Antoine Griezmann's decision to leave Atletico Madrid to be respected. France forward…"
"May 17, 2019",Featured,Can Kolkata police commissioner be arrested? SC order today,Reporter,"New Delhi, May 17: The Supreme Court is scheduled to pronounce verdict on Friday on the CBI application seeking vacation of the…"
"May 17, 2019",Featured,F-16 fighter jet crashes into building in California; Pilot ejects safely,Reporter,"Sacramento, May 17: A pilot ejected safely just minutes before an F-16 fighter jet crashed into a building at the end of a runway…"
"May 17, 2019",Delhi,Lok Sabha Elections 2019 LIVE: BJP to meet EC over Kolkata violence,Reporter,"New Delhi, May 17: As Lok Sabha elections are drawing to a close, political turmoil has gained momentum across the nation. A…"
"May 17, 2019",News Removed/page not available,The politicisation of the Army explained by architect of surgical strikes,Reporter,"New Delhi, May 17: Lt Gen D S Hooda (retd), the architect of the 2016 surgical strikes on terror launch pads in PoK, on Thursday…"
"May 17, 2019",Sports,"Redmi Note 7S is expected to feature Samsung’s 48 MP sensor: Might cost Rs 9,999",Reporter,"Xiaomi India all set to launch their latest Redmi Note smartphone, the Redmi Note 7S in India on the 20th of May, which is…"
"May 17, 2019",News Removed/page not available,NBA Playoffs: Warriors take 2-0 series lead over Trail Blazers,Reporter,"Los Angeles, May 17: The Golden State Warriors are firmly in control of the NBA Western Conference finals after edging the…"
"May 17, 2019",Technology,"Lava-like eruption creates panic in Tripura’s Kathaltali village, fourth such incident",Reporter,"Agartala, May 17: Lava-like inflammable liquid has been reportedly erupting in Madhuban under Kathaltali village on outskirts of…"
"May 17, 2019",Delhi,"Asus ZenFone 6 is now official with a flip-camera setup for Rs 37,000",Reporter,"Asus has officially unveiled its flagship smartphone for the year 2019, aka, the Asus ZenFone 6. The Asus ZenFone 6 is an out and…"
"May 17, 2019",News Removed/page not available,Fake Indian Currency: NIA files chargesheet,Reporter,"New Delhi, May 17: The National Investigation Agency (NIA) has filed a chargesheet in connection with a fake currency case at…"
"May 17, 2019",News Removed/page not available,Will Rahul ‘s new anti-factionalism formula work?,Reporter,"New Delhi, May 17: The Congress is a party where factionalism has always been a major issue during every election, and the 2019…"
"May 17, 2019",World,"Bengal’s ticking time bomb, an azadi moment and why this state is a concern",Reporter,"New Delhi, May 17: It was on expected lines that there was a major furore when it was decided to undertake an NRC in Assam. While…"
"May 16, 2019",Other States,Former American nuclear test site leaking radioactive material into Pacific,Reporter,SUVA(Fiji): UN Secretary-General Antonio Guterres raised concerns Thursday that a concrete dome built last century to contain…
"May 16, 2019",News Removed/page not available,Madras HC bench stays single-judge order on teacher eligibility test,Reporter,CHENNAI: A vacation bench of the Madras High Court has stayed the operation of an order of a single judge dismissing the writ…
"May 16, 2019",World,Michael Vaughan reveals his ‘clear favourite’ to win Ashes,Reporter,"SYDNEY: Former captain Michael Vaughan believes England are ""clear favourite"" to win the upcoming Ashes because of ECB's decision…"
"May 16, 2019",Automotive,World leaders and tech executives pledge to curb online hate groups,Reporter,"PARIS: A dozen countries and global tech giants including Facebook, Google and Twitter pledged Wednesday to find ways to keep…"
"May 16, 2019",Automotive,Kia SP2i SUV Spotted Ahead Of Launch,Reporter,Kia Motors India first showcased their SP Concept SUV at the 2018 Auto Expo. The Korea based auto manufacturer plans to launch the…
"May 16, 2019",Automotive,MG Motor Plans To Launch Three More Vehicles By Next Year,Reporter,"British car maker MG Motor unveiled their first SUV for India, the MG Hector, on Wednesday. Booking for the MG Hector will start…"
"May 16, 2019",Technology,Bike Taxi Aggregator Rapido Distributes Free Helmets,Reporter,Bangalore based bike taxi aggregator Rapido kick-started a traffic and road safety awareness campaign at the city of Vijayawada on…
"May 16, 2019",Technology,Samsung Galaxy Fit-e smart band officially launched for Rs 3000 with PMOLED screen,Reporter,"Samsung has silently unveiled a new affordable and compact fitness band, the Samsung Galaxy Fit-e smart band. The Samsung Galaxy…"
"May 16, 2019",News Removed/page not available,Google Pixel 4 leak images show punch-hole camera setup,Reporter,Search giant Google has recently launched its affordable range of Pixel smartphones in the global market a week back. The newly…
"May 16, 2019",News Removed/page not available,OnePlus 7 Pro first sale in India today at 12 PM but there’s a catch,Reporter,"OnePlus 7 Pro, the latest flagship from the company is all set to go on sale in India for the first time today. If you have been…"
"May 16, 2019",Lifestyle,"Scoliosis – Symptoms, Causes, Diagnosis, Risk Factors And Treatment",Reporter,"By definition, scoliosis is a deviation of the normal vertical line of the spine, consisting of a lateral curvature with the…"
"May 16, 2019",News Removed/page not available,12 Bad Habits That Are Ruining Your Skin,Reporter,Proper skin care is very important because our skin is the largest barrier against infection. It also helps to keep the outermost…
"May 16, 2019",Entertainment,Thalapathy 63 : Vijay And Atlee’s Movie Gets This Politically-charged Title?,Reporter,"Last year, Vijay became the talk of the town for all the right reasons when Sarkar opened to a thunderous response at the box…"
"May 16, 2019",Entertainment,Shahid Kapoor LASHES OUT At A Reporter For Pestering Kiara Advani About Kissing Scenes,Reporter,The makers of Shahid Kapoor-Kiara Advani's Kabir Singh recently launched the film's trailer at an event in Mumbai. The film is a…
"May 16, 2019",News Removed/page not available,Mr Local Box Office Prediction: Sivakarthikeyan To Register A Record Opening?,Reporter,"Mr Local is a film on which the industry experts have pinned high hopes. The Sivakarthikeyan movie, co-starring Nayanthara in the…"
"May 16, 2019",Business,Ola In The ride hailing Ola on Wednesday introduced a one of its kind credit card in partnership…,Reporter,The ride hailing Ola on Wednesday introduced a one of its kind credit card in partnership with SBI Credit Cards called Ola Money…
"May 16, 2019",Business,Jet Airways Shares Soar After 3-Days Of Losses,Reporter,The debt laden airline Jet Airways which has halted its operation after a 3-consecutive day of losses has surged as much as 8% in…
"May 16, 2019",Sports,Paytm Launches Contactless Credit Card: Should You Opt For It?,Reporter,Digital payments app maker Paytm has expanded its services with the launch of its first credit card. Paytm has launched a…
"May 16, 2019",Sports,Neither court nor CoA but elected bodies should run cricket: Amicus Curiae Narasimha,Reporter,"New Delhi, May 16: Supreme Court appointed amicus curiae P S Narasimha is confident that BCCI is moving towards forming a…"
"May 16, 2019",News Removed/page not available,Chennaiyin FC suffer first AFC Cup loss to Abahani Dhaka,Reporter,"Bengaluru, May 16: Former Indian Super League (ISL) champions Chennaiyin FC suffered their first AFC Cup defeat, going down 2-3 to…"
"May 16, 2019",Featured,"Kuldeep Yadav clarifies on MS Dhoni comments, blasts media for misinterpreting him Read more at:…",Reporter,"New Delhi, May 16: India spinner Kuldeep Yadav has clarified on his latest comments about former India captain Mahendra Singh…"
"May 16, 2019",News Removed/page not available,Does RSS want BJP to miss majority mark?,Reporter,"New Delhi, May 16: The Rashtriya Swayamsevak Sangh (RSS) wants that the Bharatiya Janata Party (BJP) should fall short of majority…"
"May 16, 2019",Featured,"Mamata holds march as blamegame over desecration of Vidyasagar’s statue spills onto streets,",Reporter,"Kolkata, May 15: A day after social reformer Ishwar Chandra Vidyasagar's statue was damaged in clashes between the BJP and TMC…"
"May 16, 2019",Delhi,"Like Modi, Manmohan Singh would not have destroyed the economy",Reporter,"New Delhi, May 16: Congress president Rahul Gandhi contrasted Manmohan Singh who led the UPA government and Narendra Modi, saying…"
"May 16, 2019",Other States,Why infiltrations in Bengal grew by 260 per cent,Reporter,"New Delhi, May 16: The violence in West Bengal has been unprecedented and the developments in the state over the past couple of…"
"May 16, 2019",Delhi,"Gearing for July launch, Chandrayaan-2 will carry NASA payload too, says ISRO",Reporter,"Bengaluru, May 16: India's second Moon mission that is planned for a July launch will have 13 payloads and one passive experiment…"
"May 16, 2019",Featured,Sad but true: Pollution not a major issue for any party; Why?,Reporter,"New Delhi, May 16: From national security to ensuring minimum income for the poor, from chest thumping to calling prime minister a…"
"May 16, 2019",Delhi,Does RSS want BJP to miss majority mark?,Reporter,"New Delhi, May 16: The Rashtriya Swayamsevak Sangh (RSS) wants that the Bharatiya Janata Party (BJP) should fall short of majority…"
"May 16, 2019",News Removed/page not available,"How many seats will BJP win? 300 plus say Modi, Shah",Reporter,"New Delhi, May 16: BJP president Amit Shah exuded confidence that his party has already crossed the majority mark after sixth…"
"May 16, 2019",National,"Modi, Amit Shah’s planned targeting of Mamata Banerjee dangerous",Reporter,"New Delhi, May 16: A day after Election Commission (EC) cut short campaign time in West Bengal in view of the violent clashes…"
"May 16, 2019",Delhi,"Will BJP, NDA form the next government? Here is Azad’s take",Reporter,"Patna, May 16: Senior Congress leader Ghulam Nabi Azad claimed that neither BJP nor NDA will form the government at the Centre…"
"May 15, 2019",World,Respite from heat as Delhi witnesses light showers,Reporter,NEW DELHI: The national capital on Wednesday morning received light showers bringing much needed-relief from severe heat…
"May 15, 2019",World,UK unemployment rate hits 45-year low,Reporter,"LONDON: British unemployment has fallen to a 45-year low, official data showed Tuesday, with the economy holding up despite…"
"May 15, 2019",Business,Pakistan says US has not imposed any visa restrictions,Reporter,"ISLAMABAD: Pakistan on Tuesday denied imposition of visa restrictions by the United States, Radio Pakistan reported. ""The…"
"May 15, 2019",Business,Paytm Mall probe reveals up to Rs 10 crore fraud in its cashback system,Reporter,MUMBAI: Paytm Mall has unearthed a fraud of up to Rs 10 crore following a probe into a large percentage of cashbacks earned by…
"May 15, 2019",Business,"UCO Bank net loss contracts to Rs 1,552 cr in March quarter of FY19",Reporter,"State-owned UCO Bank on Tuesday reported a net loss of Rs 1,552.02 crore in the quarter ended March 2019 as the bank’s bad loan…"
"May 15, 2019",Automotive,Reserve Bank needs to go in for a bigger rate cut in June: SBI,Reporter,The Reserve Bank of India (RBI) will need to make a larger rate cut than 25 basis points during its June monetary policy review if…
"May 15, 2019",Automotive,"As MG Motor Unveils Hector SUV in India, Here is a Look at Their History",Reporter,"MG Motor, the British marque that will make its debut in the Indian car market with the unveiling of its SUV offering MG Hector,…"
"May 15, 2019",National,"Drake Buys a Whopping Rs 1300 Crore Boeing 767-300F Private Jet, Shares a Video on Instagram",Reporter,Drake collaborated with Canada based Cargojet for his private Boeing 767 and has named it Air Drake.A lot of celebrities from…
"May 15, 2019",Automotive,17 Most Backward Castes May Play Kingmaker as Purvanchal Gears Up to Vote in Final Phase,Reporter,"In eastern UP, the percentage of MBCs is impressive among OBCs to the extent that their vote can influence the outcome to a great…"
"May 15, 2019",Technology,Hyundai Venue Starts Arriving At Dealerships A Week Ahead Of Its Launch In India,Reporter,"Hyundai Motors is all set to launch its much-awaited compact-SUV, the Venue in the Indian market. The Hyundai Venue is scheduled…"
"May 15, 2019",Technology,"Infinix Smart 3 Plus Mocha Brown variant launched: Price, specification & more",Reporter,"Infinix has announced a new color variant Mocha Brown for Smart 3 Plus for Rs 6,999. The newly launched variant will be introduced…"
"May 15, 2019",Technology,OnePlus 7 Pro 5G announced: Everything you need to know,Reporter,OnePlus launched its latest smartphones in India and in the global market last night. The company has also launched the OnePlus 7…
"May 15, 2019",Entertainment,OnePlus 7 Pro vs Apple iPhone XS Max vs Samsung Galaxy S10+: Which one is your choice?,Reporter,The launch of OnePlus 7 Pro has definitely heated up the competition in the high-end smartphone market segment. The smartphone…
"May 15, 2019",News Removed/page not available,Aishwarya Rai Bachchan MIFFED With Amitabh Bachchan & THIS Actor Is To Be Blamed!,Reporter,"Rumours have always been rife that things have turned sour between Aishwarya Rai Bachchan and Amitabh Bachchan. However, both…"
"May 15, 2019",Entertainment,Madhuri Dixit Birthday Special: 6 Times She Made Us Go ‘Dhak-dhak’ With Her Dance Moves!,Reporter,There's hardly anyone out there who never had a crush on the beautiful Madhuri Dixit. Each time the actress flaunts her famous…
"May 15, 2019",Sports,Maharshi Worldwide Box Office Collections (Day 6),Reporter,"Maharshi is on a spree and the Mahesh Babu movie is on its way to becoming one of the big winners of this year so far. The film,…"
"May 15, 2019",News Removed/page not available,Bairstow dazzles as free-scoring England romp to another win,Reporter,"Bristol, May 15: Jonny Bairstow led the way with a magnificent 128 as England provided another imposing exhibition of their…"
"May 15, 2019",Sports,NBA Play-offs 2019: Three takeaways from Warriors’ dominant Game 1 win over Trail Blazers,Reporter,"Los Angeles, May 15: The Golden State Warriors are one win closer to the NBA Finals after cruising past the Portland Trail…"
"May 15, 2019",Delhi,"Jonny Bairstow: Learnt different things in IPL from different coaches, players",Reporter,"Bristol, May 15: England opener Jonny Bairstow says batting alongside Australian swashbuckler David Warner during a successful…"
"May 15, 2019",News Removed/page not available,Chhindwara Collector orders action against SEZ Developers,Reporter,"New Delhi, May 15: Chhindwara Collector Office has issued directions to the government officials to investigate the Special…"
"May 15, 2019",News Removed/page not available,‘Prestige’ seat Gorakhpur: Major hurdles for the BJP,Reporter,"New Delhi, May 15: Winning Gorakhpur has become a matter of prestige for the BJP. Once considered Yogi Adityanath's bastion, the…"
"May 15, 2019",News Removed/page not available,"Cop flashes private parts to colleague’s daughter in Balcony, arrested",Reporter,"Mumbai, May 15: In yet another shocking incident, a Mumbai police arrested Harishchandra Lahane, a constable for flashing his…"
"May 15, 2019",News Removed/page not available,"MS Dhoni goes wrong with his tips a lot of times, but you can’t say that to him: Kuldeep Yadav",Reporter,"New Delhi, May 15: MS Dhoni is often credited for the success of the Indian spinners in the limited-overs format and the veteran…"
"May 15, 2019",World,"Amit Shah’s roadshow in Kolkata marred by clashes, BJP chief blames ‘TMC goons’…",Reporter,"Kolkata, May 14: Clashes reportedly broke out at BJP president Amit Shah's road show in Kolkata on Tuesday. Several people are…"
"May 15, 2019",Featured,Curfew continues in Sri Lanka as incidents of communal violence rise,Reporter,"Colombo, May 15: Sri Lanka Tuesday imposed a nationwide curfew for a second straight night and arrested several people after…"
"May 15, 2019",News Removed/page not available,Modi compromised on national security says Congress,Reporter,"New Delhi, May 15: The Congress has accused the Modi government of compromising and overruling national security by reducing the…"
"May 15, 2019",Lifestyle,‘Amit Jogi punctures Ajit Jogi’s plan of returning to Congress’,Reporter,"New Delhi, May 15: If the political buzz in Chhattisgarh is to be believed then former State Chief Minister and Janta Congress…"
"May 14, 2019",News Removed/page not available,11 Best Home Remedies For Cataract,Reporter,Cataracts are basically a serious eye condition that clouds your vision and finally leads to blindness. It is the formation of a…
"May 14, 2019",News Removed/page not available,Aprilia 160 Maxi Scooter To Launch Soon — Return Of The Performance Scooter,Reporter,Piaggio owned Aprilia and Vespa brands were the first to introduce 150cc scooters in India. The only brand that offered a scooter…
"May 14, 2019",News Removed/page not available,Honda To Continue Selling BS-VI Compliant Diesel Cars — The Japs Are In!,Reporter,"According to LiveMint, Japanese auto giant Honda will continue to retail cars featuring diesel engines even after BS-VI emission…"
"May 14, 2019",Business,Kia Reveals Official Sketches Of Their Upcoming Sp2i SUV For India — Launch Expected In September,Reporter,"Kia Motors is all set to enter the Indian market. The new Kia SUV, codenamed SP2i is scheduled to be unveiled on the 20th June…"
"May 14, 2019",News Removed/page not available,Bitcoin Surges To $8000; Its Highest Level Since July 2018,Reporter,"Though there are no clear signals for the sudden sharp hike in the cryptocurrency price, which surged to a 10-month high of above…"
"May 14, 2019",Business,Airtel And HDFC Life Tie Up To Offer Life Insurance: Know What’s On Offer,Reporter,Airtel and HDFC Life have joined hands to provide monthly life insurance cover to the eligible subscribers of Airtel while in the…
"May 14, 2019",Technology,Retail Inflation Rises To 6-Month High In April,Reporter,"India's retail inflation for the month of April rose to 2.92 percent from 2.86 percent in the previous month, according to data…"
"May 14, 2019",Technology,Redmi Pro 2 key specifications leak; to be Redmi 855 flagship,Reporter,Redmi is working on a couple of flagship smartphones equipped with the Snapdragon 855 SoC. We have come across numerous reports…
"May 14, 2019",News Removed/page not available,Samsung Galaxy M40 India price hints at advanced features,Reporter,"Earlier this year, Samsung introduced three smartphones in the Galaxy M series - Galaxy M10, Galaxy M20 and Galaxy M30. These are…"
"May 14, 2019",News Removed/page not available,"Last Week Most Trending smartphones: Samsung Galaxy A50, Galaxy A70, OnePlus 7Pro, Realme X and more…",Reporter,"Last week's most trending phones have been enlisted below. In the list, you will find some amazing devices such as Samsung Galaxy…"
"May 14, 2019",Entertainment,Harshad Chopda Compares Himself To His Dog; His Mother Reveals Why He Isn’t Married Yet!,Reporter,"The handsome hunk of television, Harshad Chopda was seen in shows like Left Right Left (2006), Kis Desh Mein Hai Meraa Dil (2008),…"
"May 14, 2019",News Removed/page not available,Anushka Shetty To Reveal Some Secrets Through An Upcoming Book?,Reporter,"Anushka Shetty, the acting queen of the Telugu film industry, is set to reveal some big secrets soon. Well, it is nothing related…"
"May 14, 2019",Sports,"Shahrukh Khan: I’m Very Arrogant; You Can’t Tell Me What Not To Tell My Wife, I Guard…",Reporter,"Throwback Tuesday is here and we're here with an old interview of Shahrukh Khan wherein, the actor had admitted that when it comes…"
"May 14, 2019",Sports,Allegri compares Ronaldo to Ibrahimovic,Reporter,"Turin, May 14: Cristiano Ronaldo has been likened to Zlatan Ibrahimovic by Massimiliano Allegri, who hailed the Juventus…"
"May 14, 2019",News Removed/page not available,"Shapovalov to face Djokovic in Rome, misery for Monfils",Reporter,"Rome, May 14: Denis Shapovalov will face Novak Djokovic in the second round of the Internazionali d’Italia after beating Pablo…"
"May 14, 2019",News Removed/page not available,Warriors’ Durant to miss Game 1 against Trail Blazers,Reporter,"Los Angeles, May 14: Golden State Warriors star Kevin Durant has been ruled out of Tuesday's opening game of the NBA Western…"
"May 14, 2019",News Removed/page not available,LeBron’s Lakers hire Vogel as head coach,Reporter,"Los Angeles, May 14: The Los Angeles Lakers announced Frank Vogel as their head coach on Monday (May 13).Former Indiana Pacers and…"
"May 14, 2019",Featured,"Man jumpMumbai, May 14: A 51-year-old Goods and Service Tax (GST) superintendent allegedly committed…",Reporter,"Mumbai, May 14: A 51-year-old Goods and Service Tax (GST) superintendent allegedly committed suicide by jumping off the World…"
"May 14, 2019",National,Key contests to watch out for in seventh and final phase of LS polls 2019,Reporter,"New Delhi, May 14: The final phase of the quinquennial Lok Sabha elections would be held on May 19, 2019, during which 59…"
"May 14, 2019",Featured,"From cloud to email in 1987, what has happened to Narendra Modi?",Reporter,A controversy has now erupted over Prime Minister Narendra Modi's comments in a television interview in which he said that he sent…
"May 14, 2019",National,Will BJP be able to defeat Shibu Soren in his last election?,Reporter,"New Delhi, May 14: Jharkhand Mukti Morcha (JMM) Supremo Shibu Soren is probably fighting his last Lok Sabha election from Dumka, a…"
"May 14, 2019",World,"Jet Airways CFO Amit Agarwal resigns, cites personal reasons",Reporter,"New Delhi, May 14: Jet Airways' Deputy Chief Executive and Chief Financial Officer Amit Agarwal has resigned, from the company for…"
"May 14, 2019",World,How many seats will BJP win in 2019 LS polls: 301 says this leader,Reporter,"Patna, May 14: Senior Bharatiya Janata Party (BJP) leader Shahnawaz Hussain has claimed that the BJP will win 301 Lok Sabha seats…"
"May 14, 2019",News Removed/page not available,Nation wide curfew imposed as communal violence hits Sri-Lanka,Reporter,"Colombo, May 14: The Sri Lankan authorities on Monday enforced a six-hour countrywide curfew as communal violence continued to…"
"May 14, 2019",National,"Lok Sabha Elections 2019 LIVE: Don’t see chance of third front’s formation, says MK…",Reporter,"New Delhi, May 14: The BJP on Monday claimed that permission for Uttar Pradesh Chief Minister Yogi Adityanath's Kolkata rally on…"
"May 14, 2019",Featured,"7th Phase LS polls: 170 with pending criminal cases, 278 crorepatis in fray",Reporter,"New Delhi, May 14: In the seventh and final phase of the Lok Sabha elections 2019, there are 909 candidates in the fray of which…"
"May 14, 2019",Technology,Wilayah of Hind by ISIS in Kashmir is a step further towards Global Islamic Council,Reporter,"New Delhi, May 14: The recent announcement by the Islamic State that it has set up the Wilayah of Hind in Jammu and Kashmir comes…"
"May 13, 2019",News Removed/page not available,Air Tamer A310 review: A personal air purifier for everyone,Reporter,"In today's highly polluted outdoors, a wearable air purifier is a boon. This is why Air Tamer A310, a personal and wearable air…"
"May 13, 2019",News Removed/page not available,New Mahindra XUV300 BS-VI Model Spied Testing — Launch-Expected Soon,Reporter,"Royal Enfield Upgrading 650 Twins Rear Suspension — Get Your Upgrade Now According to GaadiWaadi, Royal Enfield has been…"
"May 13, 2019",News Removed/page not available,World’s Fastest Bullet Train Has A Bonkers Top Speed & An Even Crazier Nose,Reporter,Japan's JR East railway operator has started testing the world's fastest bullet train dubbed ALFA-X (Advanced Labs for Frontline…
"May 13, 2019",News Removed/page not available,Next-Generation Mahindra Scorpio Spied Testing For The First Time — Launch-Expected In 2020,Reporter,Mahindra is said to be working on updating a number of its models in the Indian market. One of the models expected to receive an…
"May 13, 2019",Lifestyle,Suzuki Gixxer 150 Gets Cosmetic Upgrades — The Battle Of The 150s,Reporter,Suzuki Motorcycle India has been witnessing a drop in sales of it's Gixxer SF 150 model. The biggest reason was design and…
"May 13, 2019",News Removed/page not available,Lip Piercing: Dangers & Aftercare Tips,Reporter,"Body piercing has become a trend these days and among all, lip piercing is getting a lot of attention. While it seems fascinating…"
"May 13, 2019",,UNSEEN Pictures Of Radhika Pandit & Yash Before They Got Hitched; You’d Be Shocked By A…,Reporter,Radhika Pandit and Yash are undoubtedly the most adored couple of Sandalwood. Anything and everything they do turns heads. Though…
